{
	"start":	{
		"connected":	[{
				"socket":	5,
				"local_host":	"192.168.2.100",
				"local_port":	54496,
				"remote_host":	"172.22.0.12",
				"remote_port":	5201
			}],
		"version":	"iperf 3.9",
		"system_info":	"Linux ctism-OptiPlex-7070 6.5.0-45-generic #45~22.04.1-Ubuntu SMP PREEMPT_DYNAMIC Mon Jul 15 16:40:02 UTC 2 x86_64",
		"timestamp":	{
			"time":	"Tue, 03 Jun 2025 19:26:21 GMT",
			"timesecs":	1748978781
		},
		"connecting_to":	{
			"host":	"172.22.0.12",
			"port":	5201
		},
		"cookie":	"eoiua7powiuluz7aswzgf6iqyre2q3pxpfjd",
		"tcp_mss_default":	1448,
		"sock_bufsize":	0,
		"sndbuf_actual":	16384,
		"rcvbuf_actual":	131072,
		"test_start":	{
			"protocol":	"TCP",
			"num_streams":	1,
			"blksize":	131072,
			"omit":	0,
			"duration":	10,
			"bytes":	0,
			"blocks":	0,
			"reverse":	0,
			"tos":	0
		}
	},
	"intervals":	[{
			"streams":	[{
					"socket":	5,
					"start":	0,
					"end":	1.000304,
					"seconds":	1.0003039836883545,
					"bytes":	12865760,
					"bits_per_second":	102894801.65867929,
					"retransmits":	1,
					"snd_cwnd":	622640,
					"rtt":	64440,
					"rttvar":	1237,
					"pmtu":	1500,
					"omitted":	false,
					"sender":	true
				}],
			"sum":	{
				"start":	0,
				"end":	1.000304,
				"seconds":	1.0003039836883545,
				"bytes":	12865760,
				"bits_per_second":	102894801.65867929,
				"retransmits":	1,
				"omitted":	false,
				"sender":	true
			}
		}, {
			"streams":	[{
					"socket":	5,
					"start":	1.000304,
					"end":	2.000192,
					"seconds":	0.999888002872467,
					"bytes":	10485760,
					"bits_per_second":	83895476.052330866,
					"retransmits":	0,
					"snd_cwnd":	548792,
					"rtt":	48394,
					"rttvar":	455,
					"pmtu":	1500,
					"omitted":	false,
					"sender":	true
				}],
			"sum":	{
				"start":	1.000304,
				"end":	2.000192,
				"seconds":	0.999888002872467,
				"bytes":	10485760,
				"bits_per_second":	83895476.052330866,
				"retransmits":	0,
				"omitted":	false,
				"sender":	true
			}
		}, {
			"streams":	[{
					"socket":	5,
					"start":	2.000192,
					"end":	3.000293,
					"seconds":	1.0001009702682495,
					"bytes":	10485760,
					"bits_per_second":	83877610.855131835,
					"retransmits":	1,
					"snd_cwnd":	424264,
					"rtt":	38710,
					"rttvar":	1022,
					"pmtu":	1500,
					"omitted":	false,
					"sender":	true
				}],
			"sum":	{
				"start":	2.000192,
				"end":	3.000293,
				"seconds":	1.0001009702682495,
				"bytes":	10485760,
				"bits_per_second":	83877610.855131835,
				"retransmits":	1,
				"omitted":	false,
				"sender":	true
			}
		}, {
			"streams":	[{
					"socket":	5,
					"start":	3.000293,
					"end":	4.00015,
					"seconds":	0.999857008457184,
					"bytes":	9175040,
					"bits_per_second":	73410817.12600024,
					"retransmits":	0,
					"snd_cwnd":	459016,
					"rtt":	49646,
					"rttvar":	1023,
					"pmtu":	1500,
					"omitted":	false,
					"sender":	true
				}],
			"sum":	{
				"start":	3.000293,
				"end":	4.00015,
				"seconds":	0.999857008457184,
				"bytes":	9175040,
				"bits_per_second":	73410817.12600024,
				"retransmits":	0,
				"omitted":	false,
				"sender":	true
			}
		}, {
			"streams":	[{
					"socket":	5,
					"start":	4.00015,
					"end":	5.000372,
					"seconds":	1.0002219676971436,
					"bytes":	7864320,
					"bits_per_second":	62900598.099091,
					"retransmits":	0,
					"snd_cwnd":	480736,
					"rtt":	52009,
					"rttvar":	1418,
					"pmtu":	1500,
					"omitted":	false,
					"sender":	true
				}],
			"sum":	{
				"start":	4.00015,
				"end":	5.000372,
				"seconds":	1.0002219676971436,
				"bytes":	7864320,
				"bits_per_second":	62900598.099091,
				"retransmits":	0,
				"omitted":	false,
				"sender":	true
			}
		}, {
			"streams":	[{
					"socket":	5,
					"start":	5.000372,
					"end":	6.000346,
					"seconds":	0.999974012374878,
					"bytes":	9175040,
					"bits_per_second":	73402227.549572676,
					"retransmits":	0,
					"snd_cwnd":	492320,
					"rtt":	66890,
					"rttvar":	1516,
					"pmtu":	1500,
					"omitted":	false,
					"sender":	true
				}],
			"sum":	{
				"start":	5.000372,
				"end":	6.000346,
				"seconds":	0.999974012374878,
				"bytes":	9175040,
				"bits_per_second":	73402227.549572676,
				"retransmits":	0,
				"omitted":	false,
				"sender":	true
			}
		}, {
			"streams":	[{
					"socket":	5,
					"start":	6.000346,
					"end":	7.000297,
					"seconds":	0.99995100498199463,
					"bytes":	10485760,
					"bits_per_second":	83890190.2013794,
					"retransmits":	0,
					"snd_cwnd":	495216,
					"rtt":	39278,
					"rttvar":	1105,
					"pmtu":	1500,
					"omitted":	false,
					"sender":	true
				}],
			"sum":	{
				"start":	6.000346,
				"end":	7.000297,
				"seconds":	0.99995100498199463,
				"bytes":	10485760,
				"bits_per_second":	83890190.2013794,
				"retransmits":	0,
				"omitted":	false,
				"sender":	true
			}
		}, {
			"streams":	[{
					"socket":	5,
					"start":	7.000297,
					"end":	8.000278,
					"seconds":	0.99998098611831665,
					"bytes":	9175040,
					"bits_per_second":	73401715.651536748,
					"retransmits":	0,
					"snd_cwnd":	495216,
					"rtt":	40317,
					"rttvar":	760,
					"pmtu":	1500,
					"omitted":	false,
					"sender":	true
				}],
			"sum":	{
				"start":	7.000297,
				"end":	8.000278,
				"seconds":	0.99998098611831665,
				"bytes":	9175040,
				"bits_per_second":	73401715.651536748,
				"retransmits":	0,
				"omitted":	false,
				"sender":	true
			}
		}, {
			"streams":	[{
					"socket":	5,
					"start":	8.000278,
					"end":	9.000216,
					"seconds":	0.99993801116943359,
					"bytes":	9175040,
					"bits_per_second":	73404870.282066658,
					"retransmits":	0,
					"snd_cwnd":	501008,
					"rtt":	76887,
					"rttvar":	2128,
					"pmtu":	1500,
					"omitted":	false,
					"sender":	true
				}],
			"sum":	{
				"start":	8.000278,
				"end":	9.000216,
				"seconds":	0.99993801116943359,
				"bytes":	9175040,
				"bits_per_second":	73404870.282066658,
				"retransmits":	0,
				"omitted":	false,
				"sender":	true
			}
		}, {
			"streams":	[{
					"socket":	5,
					"start":	9.000216,
					"end":	10.000287,
					"seconds":	1.0000710487365723,
					"bytes":	7864320,
					"bits_per_second":	62910090.3175653,
					"retransmits":	0,
					"snd_cwnd":	514040,
					"rtt":	55218,
					"rttvar":	2673,
					"pmtu":	1500,
					"omitted":	false,
					"sender":	true
				}],
			"sum":	{
				"start":	9.000216,
				"end":	10.000287,
				"seconds":	1.0000710487365723,
				"bytes":	7864320,
				"bits_per_second":	62910090.3175653,
				"retransmits":	0,
				"omitted":	false,
				"sender":	true
			}
		}],
	"end":	{
		"streams":	[{
				"sender":	{
					"socket":	5,
					"start":	0,
					"end":	10.000287,
					"seconds":	10.000287,
					"bytes":	96751840,
					"bits_per_second":	77399250.6415066,
					"retransmits":	2,
					"max_snd_cwnd":	622640,
					"max_rtt":	76887,
					"min_rtt":	38710,
					"mean_rtt":	53178,
					"sender":	true
				},
				"receiver":	{
					"socket":	5,
					"start":	0,
					"end":	10.098454,
					"seconds":	10.000287,
					"bytes":	94109696,
					"bits_per_second":	74553745.3554772,
					"sender":	true
				}
			}],
		"sum_sent":	{
			"start":	0,
			"end":	10.000287,
			"seconds":	10.000287,
			"bytes":	96751840,
			"bits_per_second":	77399250.6415066,
			"retransmits":	2,
			"sender":	true
		},
		"sum_received":	{
			"start":	0,
			"end":	10.098454,
			"seconds":	10.098454,
			"bytes":	94109696,
			"bits_per_second":	74553745.3554772,
			"sender":	true
		},
		"cpu_utilization_percent":	{
			"host_total":	0.83756317526847324,
			"host_user":	0.097475366225904761,
			"host_system":	0.740117521102991,
			"remote_total":	0.17235400779794821,
			"remote_user":	0.024522412817533427,
			"remote_system":	0.14783159498041479
		},
		"sender_tcp_congestion":	"cubic",
		"receiver_tcp_congestion":	"cubic"
	}
}
