{
	"start":	{
		"connected":	[{
				"socket":	5,
				"local_host":	"192.168.2.100",
				"local_port":	34328,
				"remote_host":	"172.22.0.12",
				"remote_port":	5201
			}],
		"version":	"iperf 3.9",
		"system_info":	"Linux ctism-OptiPlex-7070 6.5.0-45-generic #45~22.04.1-Ubuntu SMP PREEMPT_DYNAMIC Mon Jul 15 16:40:02 UTC 2 x86_64",
		"timestamp":	{
			"time":	"Tue, 03 Jun 2025 19:27:07 GMT",
			"timesecs":	1748978827
		},
		"connecting_to":	{
			"host":	"172.22.0.12",
			"port":	5201
		},
		"cookie":	"lfkjqldkothuj5prr6ckicdrl4oxjo3ac7ev",
		"tcp_mss_default":	1448,
		"sock_bufsize":	0,
		"sndbuf_actual":	16384,
		"rcvbuf_actual":	131072,
		"test_start":	{
			"protocol":	"TCP",
			"num_streams":	1,
			"blksize":	131072,
			"omit":	0,
			"duration":	10,
			"bytes":	0,
			"blocks":	0,
			"reverse":	0,
			"tos":	0
		}
	},
	"intervals":	[{
			"streams":	[{
					"socket":	5,
					"start":	0,
					"end":	1.000304,
					"seconds":	1.0003039836883545,
					"bytes":	10765880,
					"bits_per_second":	86100866.740957558,
					"retransmits":	0,
					"snd_cwnd":	501008,
					"rtt":	56715,
					"rttvar":	291,
					"pmtu":	1500,
					"omitted":	false,
					"sender":	true
				}],
			"sum":	{
				"start":	0,
				"end":	1.000304,
				"seconds":	1.0003039836883545,
				"bytes":	10765880,
				"bits_per_second":	86100866.740957558,
				"retransmits":	0,
				"omitted":	false,
				"sender":	true
			}
		}, {
			"streams":	[{
					"socket":	5,
					"start":	1.000304,
					"end":	2.00028,
					"seconds":	0.99997597932815552,
					"bytes":	11310280,
					"bits_per_second":	90484413.496403635,
					"retransmits":	1,
					"snd_cwnd":	537208,
					"rtt":	59038,
					"rttvar":	430,
					"pmtu":	1500,
					"omitted":	false,
					"sender":	true
				}],
			"sum":	{
				"start":	1.000304,
				"end":	2.00028,
				"seconds":	0.99997597932815552,
				"bytes":	11310280,
				"bits_per_second":	90484413.496403635,
				"retransmits":	1,
				"omitted":	false,
				"sender":	true
			}
		}, {
			"streams":	[{
					"socket":	5,
					"start":	2.00028,
					"end":	3.000353,
					"seconds":	1.0000729560852051,
					"bytes":	7864320,
					"bits_per_second":	62909970.334844,
					"retransmits":	1,
					"snd_cwnd":	409784,
					"rtt":	43068,
					"rttvar":	1894,
					"pmtu":	1500,
					"omitted":	false,
					"sender":	true
				}],
			"sum":	{
				"start":	2.00028,
				"end":	3.000353,
				"seconds":	1.0000729560852051,
				"bytes":	7864320,
				"bits_per_second":	62909970.334844,
				"retransmits":	1,
				"omitted":	false,
				"sender":	true
			}
		}, {
			"streams":	[{
					"socket":	5,
					"start":	3.000353,
					"end":	4.000289,
					"seconds":	0.99993598461151123,
					"bytes":	9175040,
					"bits_per_second":	73405019.050811559,
					"retransmits":	0,
					"snd_cwnd":	437296,
					"rtt":	40455,
					"rttvar":	1172,
					"pmtu":	1500,
					"omitted":	false,
					"sender":	true
				}],
			"sum":	{
				"start":	3.000353,
				"end":	4.000289,
				"seconds":	0.99993598461151123,
				"bytes":	9175040,
				"bits_per_second":	73405019.050811559,
				"retransmits":	0,
				"omitted":	false,
				"sender":	true
			}
		}, {
			"streams":	[{
					"socket":	5,
					"start":	4.000289,
					"end":	5.000341,
					"seconds":	1.0000519752502441,
					"bytes":	7864320,
					"bits_per_second":	62911290.169950232,
					"retransmits":	0,
					"snd_cwnd":	451776,
					"rtt":	64394,
					"rttvar":	9463,
					"pmtu":	1500,
					"omitted":	false,
					"sender":	true
				}],
			"sum":	{
				"start":	4.000289,
				"end":	5.000341,
				"seconds":	1.0000519752502441,
				"bytes":	7864320,
				"bits_per_second":	62911290.169950232,
				"retransmits":	0,
				"omitted":	false,
				"sender":	true
			}
		}, {
			"streams":	[{
					"socket":	5,
					"start":	5.000341,
					"end":	6.000231,
					"seconds":	0.9998900294303894,
					"bytes":	9175040,
					"bits_per_second":	73408392.7627663,
					"retransmits":	0,
					"snd_cwnd":	457568,
					"rtt":	59191,
					"rttvar":	1326,
					"pmtu":	1500,
					"omitted":	false,
					"sender":	true
				}],
			"sum":	{
				"start":	5.000341,
				"end":	6.000231,
				"seconds":	0.9998900294303894,
				"bytes":	9175040,
				"bits_per_second":	73408392.7627663,
				"retransmits":	0,
				"omitted":	false,
				"sender":	true
			}
		}, {
			"streams":	[{
					"socket":	5,
					"start":	6.000231,
					"end":	7.000266,
					"seconds":	1.0000350475311279,
					"bytes":	10485760,
					"bits_per_second":	83883140.103036135,
					"retransmits":	0,
					"snd_cwnd":	459016,
					"rtt":	43084,
					"rttvar":	527,
					"pmtu":	1500,
					"omitted":	false,
					"sender":	true
				}],
			"sum":	{
				"start":	6.000231,
				"end":	7.000266,
				"seconds":	1.0000350475311279,
				"bytes":	10485760,
				"bits_per_second":	83883140.103036135,
				"retransmits":	0,
				"omitted":	false,
				"sender":	true
			}
		}, {
			"streams":	[{
					"socket":	5,
					"start":	7.000266,
					"end":	8.000338,
					"seconds":	1.0000720024108887,
					"bytes":	9175040,
					"bits_per_second":	73395035.380505338,
					"retransmits":	0,
					"snd_cwnd":	469152,
					"rtt":	23903,
					"rttvar":	680,
					"pmtu":	1500,
					"omitted":	false,
					"sender":	true
				}],
			"sum":	{
				"start":	7.000266,
				"end":	8.000338,
				"seconds":	1.0000720024108887,
				"bytes":	9175040,
				"bits_per_second":	73395035.380505338,
				"retransmits":	0,
				"omitted":	false,
				"sender":	true
			}
		}, {
			"streams":	[{
					"socket":	5,
					"start":	8.000338,
					"end":	9.000131,
					"seconds":	0.999792993068695,
					"bytes":	10485760,
					"bits_per_second":	83903448.595419645,
					"retransmits":	0,
					"snd_cwnd":	485080,
					"rtt":	42453,
					"rttvar":	983,
					"pmtu":	1500,
					"omitted":	false,
					"sender":	true
				}],
			"sum":	{
				"start":	8.000338,
				"end":	9.000131,
				"seconds":	0.999792993068695,
				"bytes":	10485760,
				"bits_per_second":	83903448.595419645,
				"retransmits":	0,
				"omitted":	false,
				"sender":	true
			}
		}, {
			"streams":	[{
					"socket":	5,
					"start":	9.000131,
					"end":	10.000244,
					"seconds":	1.0001130104064941,
					"bytes":	7864320,
					"bits_per_second":	62907450.8034132,
					"retransmits":	0,
					"snd_cwnd":	499560,
					"rtt":	41250,
					"rttvar":	653,
					"pmtu":	1500,
					"omitted":	false,
					"sender":	true
				}],
			"sum":	{
				"start":	9.000131,
				"end":	10.000244,
				"seconds":	1.0001130104064941,
				"bytes":	7864320,
				"bits_per_second":	62907450.8034132,
				"retransmits":	0,
				"omitted":	false,
				"sender":	true
			}
		}],
	"end":	{
		"streams":	[{
				"sender":	{
					"socket":	5,
					"start":	0,
					"end":	10.000244,
					"seconds":	10.000244,
					"bytes":	94165760,
					"bits_per_second":	75330769.9292137,
					"retransmits":	2,
					"max_snd_cwnd":	537208,
					"max_rtt":	64394,
					"min_rtt":	23903,
					"mean_rtt":	47355,
					"sender":	true
				},
				"receiver":	{
					"socket":	5,
					"start":	0,
					"end":	10.058445,
					"seconds":	10.000244,
					"bytes":	91357184,
					"bits_per_second":	72661079.520741031,
					"sender":	true
				}
			}],
		"sum_sent":	{
			"start":	0,
			"end":	10.000244,
			"seconds":	10.000244,
			"bytes":	94165760,
			"bits_per_second":	75330769.9292137,
			"retransmits":	2,
			"sender":	true
		},
		"sum_received":	{
			"start":	0,
			"end":	10.058445,
			"seconds":	10.058445,
			"bytes":	91357184,
			"bits_per_second":	72661079.520741031,
			"sender":	true
		},
		"cpu_utilization_percent":	{
			"host_total":	0.80546443751032659,
			"host_user":	0.2084874312370491,
			"host_system":	0.59697700627327754,
			"remote_total":	2.3001263700094658,
			"remote_user":	0.29131621988848916,
			"remote_system":	2.0088013337112045
		},
		"sender_tcp_congestion":	"cubic",
		"receiver_tcp_congestion":	"cubic"
	}
}
