{
	"start":	{
		"connected":	[{
				"socket":	5,
				"local_host":	"192.168.2.100",
				"local_port":	39200,
				"remote_host":	"172.22.0.12",
				"remote_port":	5201
			}],
		"version":	"iperf 3.9",
		"system_info":	"Linux ctism-OptiPlex-7070 6.5.0-45-generic #45~22.04.1-Ubuntu SMP PREEMPT_DYNAMIC Mon Jul 15 16:40:02 UTC 2 x86_64",
		"timestamp":	{
			"time":	"Tue, 03 Jun 2025 19:52:10 GMT",
			"timesecs":	1748980330
		},
		"connecting_to":	{
			"host":	"172.22.0.12",
			"port":	5201
		},
		"cookie":	"qfca5xfi6tpzlghw7iyyrpganmsypvtiwlg3",
		"tcp_mss_default":	1448,
		"sock_bufsize":	0,
		"sndbuf_actual":	16384,
		"rcvbuf_actual":	131072,
		"test_start":	{
			"protocol":	"TCP",
			"num_streams":	1,
			"blksize":	131072,
			"omit":	0,
			"duration":	10,
			"bytes":	0,
			"blocks":	0,
			"reverse":	0,
			"tos":	0
		}
	},
	"intervals":	[{
			"streams":	[{
					"socket":	5,
					"start":	0,
					"end":	1.000148,
					"seconds":	1.0001480579376221,
					"bytes":	48281872,
					"bits_per_second":	386197796.35075814,
					"retransmits":	0,
					"snd_cwnd":	2286392,
					"rtt":	54180,
					"rttvar":	207,
					"pmtu":	1500,
					"omitted":	false,
					"sender":	true
				}],
			"sum":	{
				"start":	0,
				"end":	1.000148,
				"seconds":	1.0001480579376221,
				"bytes":	48281872,
				"bits_per_second":	386197796.35075814,
				"retransmits":	0,
				"omitted":	false,
				"sender":	true
			}
		}, {
			"streams":	[{
					"socket":	5,
					"start":	1.000148,
					"end":	2.000114,
					"seconds":	0.999966025352478,
					"bytes":	48496640,
					"bits_per_second":	387986301.69784355,
					"retransmits":	4,
					"snd_cwnd":	1977968,
					"rtt":	37047,
					"rttvar":	1523,
					"pmtu":	1500,
					"omitted":	false,
					"sender":	true
				}],
			"sum":	{
				"start":	1.000148,
				"end":	2.000114,
				"seconds":	0.999966025352478,
				"bytes":	48496640,
				"bits_per_second":	387986301.69784355,
				"retransmits":	4,
				"omitted":	false,
				"sender":	true
			}
		}, {
			"streams":	[{
					"socket":	5,
					"start":	2.000114,
					"end":	3.00015,
					"seconds":	1.0000360012054443,
					"bytes":	39321600,
					"bits_per_second":	314561475.407699,
					"retransmits":	78,
					"snd_cwnd":	1482752,
					"rtt":	49119,
					"rttvar":	142,
					"pmtu":	1500,
					"omitted":	false,
					"sender":	true
				}],
			"sum":	{
				"start":	2.000114,
				"end":	3.00015,
				"seconds":	1.0000360012054443,
				"bytes":	39321600,
				"bits_per_second":	314561475.407699,
				"retransmits":	78,
				"omitted":	false,
				"sender":	true
			}
		}, {
			"streams":	[{
					"socket":	5,
					"start":	3.00015,
					"end":	4.000266,
					"seconds":	1.0001159906387329,
					"bytes":	40632320,
					"bits_per_second":	325020860.62277484,
					"retransmits":	0,
					"snd_cwnd":	1562392,
					"rtt":	40533,
					"rttvar":	1019,
					"pmtu":	1500,
					"omitted":	false,
					"sender":	true
				}],
			"sum":	{
				"start":	3.00015,
				"end":	4.000266,
				"seconds":	1.0001159906387329,
				"bytes":	40632320,
				"bits_per_second":	325020860.62277484,
				"retransmits":	0,
				"omitted":	false,
				"sender":	true
			}
		}, {
			"streams":	[{
					"socket":	5,
					"start":	4.000266,
					"end":	5.000295,
					"seconds":	1.0000289678573608,
					"bytes":	40632320,
					"bits_per_second":	325049144.02276069,
					"retransmits":	0,
					"snd_cwnd":	1621760,
					"rtt":	32712,
					"rttvar":	933,
					"pmtu":	1500,
					"omitted":	false,
					"sender":	true
				}],
			"sum":	{
				"start":	4.000266,
				"end":	5.000295,
				"seconds":	1.0000289678573608,
				"bytes":	40632320,
				"bits_per_second":	325049144.02276069,
				"retransmits":	0,
				"omitted":	false,
				"sender":	true
			}
		}, {
			"streams":	[{
					"socket":	5,
					"start":	5.000295,
					"end":	6.000213,
					"seconds":	0.999917984008789,
					"bytes":	45875200,
					"bits_per_second":	367031702.46888381,
					"retransmits":	0,
					"snd_cwnd":	1663752,
					"rtt":	29609,
					"rttvar":	950,
					"pmtu":	1500,
					"omitted":	false,
					"sender":	true
				}],
			"sum":	{
				"start":	5.000295,
				"end":	6.000213,
				"seconds":	0.999917984008789,
				"bytes":	45875200,
				"bits_per_second":	367031702.46888381,
				"retransmits":	0,
				"omitted":	false,
				"sender":	true
			}
		}, {
			"streams":	[{
					"socket":	5,
					"start":	6.000213,
					"end":	7.000087,
					"seconds":	0.99987399578094482,
					"bytes":	43253760,
					"bits_per_second":	346073686.74463379,
					"retransmits":	0,
					"snd_cwnd":	1688368,
					"rtt":	36777,
					"rttvar":	1431,
					"pmtu":	1500,
					"omitted":	false,
					"sender":	true
				}],
			"sum":	{
				"start":	6.000213,
				"end":	7.000087,
				"seconds":	0.99987399578094482,
				"bytes":	43253760,
				"bits_per_second":	346073686.74463379,
				"retransmits":	0,
				"omitted":	false,
				"sender":	true
			}
		}, {
			"streams":	[{
					"socket":	5,
					"start":	7.000087,
					"end":	8.000145,
					"seconds":	1.0000580549240112,
					"bytes":	39321600,
					"bits_per_second":	314554538.56016648,
					"retransmits":	0,
					"snd_cwnd":	1702848,
					"rtt":	40315,
					"rttvar":	1072,
					"pmtu":	1500,
					"omitted":	false,
					"sender":	true
				}],
			"sum":	{
				"start":	7.000087,
				"end":	8.000145,
				"seconds":	1.0000580549240112,
				"bytes":	39321600,
				"bits_per_second":	314554538.56016648,
				"retransmits":	0,
				"omitted":	false,
				"sender":	true
			}
		}, {
			"streams":	[{
					"socket":	5,
					"start":	8.000145,
					"end":	9.000087,
					"seconds":	0.99994200468063354,
					"bytes":	44564480,
					"bits_per_second":	356536517.44919527,
					"retransmits":	0,
					"snd_cwnd":	1708640,
					"rtt":	44467,
					"rttvar":	575,
					"pmtu":	1500,
					"omitted":	false,
					"sender":	true
				}],
			"sum":	{
				"start":	8.000145,
				"end":	9.000087,
				"seconds":	0.99994200468063354,
				"bytes":	44564480,
				"bits_per_second":	356536517.44919527,
				"retransmits":	0,
				"omitted":	false,
				"sender":	true
			}
		}, {
			"streams":	[{
					"socket":	5,
					"start":	9.000087,
					"end":	10.0001,
					"seconds":	1.000012993812561,
					"bytes":	41943040,
					"bits_per_second":	335539960.05665231,
					"retransmits":	0,
					"snd_cwnd":	1708640,
					"rtt":	22495,
					"rttvar":	1244,
					"pmtu":	1500,
					"omitted":	false,
					"sender":	true
				}],
			"sum":	{
				"start":	9.000087,
				"end":	10.0001,
				"seconds":	1.000012993812561,
				"bytes":	41943040,
				"bits_per_second":	335539960.05665231,
				"retransmits":	0,
				"omitted":	false,
				"sender":	true
			}
		}],
	"end":	{
		"streams":	[{
				"sender":	{
					"socket":	5,
					"start":	0,
					"end":	10.0001,
					"seconds":	10.0001,
					"bytes":	432322832,
					"bits_per_second":	345854807.05192947,
					"retransmits":	82,
					"max_snd_cwnd":	2286392,
					"max_rtt":	54180,
					"min_rtt":	22495,
					"mean_rtt":	38725,
					"sender":	true
				},
				"receiver":	{
					"socket":	5,
					"start":	0,
					"end":	10.065523,
					"seconds":	10.0001,
					"bytes":	430047232,
					"bits_per_second":	341798221.115783,
					"sender":	true
				}
			}],
		"sum_sent":	{
			"start":	0,
			"end":	10.0001,
			"seconds":	10.0001,
			"bytes":	432322832,
			"bits_per_second":	345854807.05192947,
			"retransmits":	82,
			"sender":	true
		},
		"sum_received":	{
			"start":	0,
			"end":	10.065523,
			"seconds":	10.065523,
			"bytes":	430047232,
			"bits_per_second":	341798221.115783,
			"sender":	true
		},
		"cpu_utilization_percent":	{
			"host_total":	2.3652067792715044,
			"host_user":	0.40101295815777527,
			"host_system":	1.9641938211137289,
			"remote_total":	0.19400025724827313,
			"remote_user":	0.017120563672341632,
			"remote_system":	0.17687969357593147
		},
		"sender_tcp_congestion":	"cubic",
		"receiver_tcp_congestion":	"cubic"
	}
}
