{
	"start":	{
		"connected":	[{
				"socket":	5,
				"local_host":	"192.168.2.100",
				"local_port":	40062,
				"remote_host":	"172.22.0.12",
				"remote_port":	5201
			}],
		"version":	"iperf 3.9",
		"system_info":	"Linux ctism-OptiPlex-7070 6.5.0-45-generic #45~22.04.1-Ubuntu SMP PREEMPT_DYNAMIC Mon Jul 15 16:40:02 UTC 2 x86_64",
		"timestamp":	{
			"time":	"Tue, 03 Jun 2025 19:31:13 GMT",
			"timesecs":	1748979073
		},
		"connecting_to":	{
			"host":	"172.22.0.12",
			"port":	5201
		},
		"cookie":	"icsg2k63zagocupdhxjtn2pmi4loc4lvfyu7",
		"tcp_mss_default":	1448,
		"sock_bufsize":	0,
		"sndbuf_actual":	16384,
		"rcvbuf_actual":	131072,
		"test_start":	{
			"protocol":	"TCP",
			"num_streams":	1,
			"blksize":	131072,
			"omit":	0,
			"duration":	10,
			"bytes":	0,
			"blocks":	0,
			"reverse":	0,
			"tos":	0
		}
	},
	"intervals":	[{
			"streams":	[{
					"socket":	5,
					"start":	0,
					"end":	1.000158,
					"seconds":	1.0001579523086548,
					"bytes":	40905528,
					"bits_per_second":	327192543.18242973,
					"retransmits":	0,
					"snd_cwnd":	1896880,
					"rtt":	34775,
					"rttvar":	3263,
					"pmtu":	1500,
					"omitted":	false,
					"sender":	true
				}],
			"sum":	{
				"start":	0,
				"end":	1.000158,
				"seconds":	1.0001579523086548,
				"bytes":	40905528,
				"bits_per_second":	327192543.18242973,
				"retransmits":	0,
				"omitted":	false,
				"sender":	true
			}
		}, {
			"streams":	[{
					"socket":	5,
					"start":	1.000158,
					"end":	2.000129,
					"seconds":	0.99997097253799438,
					"bytes":	48496640,
					"bits_per_second":	387984382.20191312,
					"retransmits":	2,
					"snd_cwnd":	2101048,
					"rtt":	42142,
					"rttvar":	344,
					"pmtu":	1500,
					"omitted":	false,
					"sender":	true
				}],
			"sum":	{
				"start":	1.000158,
				"end":	2.000129,
				"seconds":	0.99997097253799438,
				"bytes":	48496640,
				"bits_per_second":	387984382.20191312,
				"retransmits":	2,
				"omitted":	false,
				"sender":	true
			}
		}, {
			"streams":	[{
					"socket":	5,
					"start":	2.000129,
					"end":	3.000135,
					"seconds":	1.0000059604644775,
					"bytes":	55050240,
					"bits_per_second":	440399295.0156461,
					"retransmits":	0,
					"snd_cwnd":	2289288,
					"rtt":	38194,
					"rttvar":	614,
					"pmtu":	1500,
					"omitted":	false,
					"sender":	true
				}],
			"sum":	{
				"start":	2.000129,
				"end":	3.000135,
				"seconds":	1.0000059604644775,
				"bytes":	55050240,
				"bits_per_second":	440399295.0156461,
				"retransmits":	0,
				"omitted":	false,
				"sender":	true
			}
		}, {
			"streams":	[{
					"socket":	5,
					"start":	3.000135,
					"end":	4.000095,
					"seconds":	0.99996000528335571,
					"bytes":	48496640,
					"bits_per_second":	387988637.49561787,
					"retransmits":	0,
					"snd_cwnd":	2441328,
					"rtt":	66219,
					"rttvar":	873,
					"pmtu":	1500,
					"omitted":	false,
					"sender":	true
				}],
			"sum":	{
				"start":	3.000135,
				"end":	4.000095,
				"seconds":	0.99996000528335571,
				"bytes":	48496640,
				"bits_per_second":	387988637.49561787,
				"retransmits":	0,
				"omitted":	false,
				"sender":	true
			}
		}, {
			"streams":	[{
					"socket":	5,
					"start":	4.000095,
					"end":	5.000088,
					"seconds":	0.99999302625656128,
					"bytes":	34078720,
					"bits_per_second":	272631661.263259,
					"retransmits":	6,
					"snd_cwnd":	1271344,
					"rtt":	24399,
					"rttvar":	665,
					"pmtu":	1500,
					"omitted":	false,
					"sender":	true
				}],
			"sum":	{
				"start":	4.000095,
				"end":	5.000088,
				"seconds":	0.99999302625656128,
				"bytes":	34078720,
				"bits_per_second":	272631661.263259,
				"retransmits":	6,
				"omitted":	false,
				"sender":	true
			}
		}, {
			"streams":	[{
					"socket":	5,
					"start":	5.000088,
					"end":	6.000086,
					"seconds":	0.99999797344207764,
					"bytes":	52428800,
					"bits_per_second":	419431250.00172257,
					"retransmits":	0,
					"snd_cwnd":	1343744,
					"rtt":	27751,
					"rttvar":	783,
					"pmtu":	1500,
					"omitted":	false,
					"sender":	true
				}],
			"sum":	{
				"start":	5.000088,
				"end":	6.000086,
				"seconds":	0.99999797344207764,
				"bytes":	52428800,
				"bits_per_second":	419431250.00172257,
				"retransmits":	0,
				"omitted":	false,
				"sender":	true
			}
		}, {
			"streams":	[{
					"socket":	5,
					"start":	6.000086,
					"end":	7.000095,
					"seconds":	1.0000089406967163,
					"bytes":	52428800,
					"bits_per_second":	419426650.03352731,
					"retransmits":	0,
					"snd_cwnd":	1395872,
					"rtt":	32573,
					"rttvar":	862,
					"pmtu":	1500,
					"omitted":	false,
					"sender":	true
				}],
			"sum":	{
				"start":	6.000086,
				"end":	7.000095,
				"seconds":	1.0000089406967163,
				"bytes":	52428800,
				"bits_per_second":	419426650.03352731,
				"retransmits":	0,
				"omitted":	false,
				"sender":	true
			}
		}, {
			"streams":	[{
					"socket":	5,
					"start":	7.000095,
					"end":	8.00031,
					"seconds":	1.0002150535583496,
					"bytes":	30146560,
					"bits_per_second":	241120626.15135467,
					"retransmits":	135,
					"snd_cwnd":	996224,
					"rtt":	62004,
					"rttvar":	21323,
					"pmtu":	1500,
					"omitted":	false,
					"sender":	true
				}],
			"sum":	{
				"start":	7.000095,
				"end":	8.00031,
				"seconds":	1.0002150535583496,
				"bytes":	30146560,
				"bits_per_second":	241120626.15135467,
				"retransmits":	135,
				"omitted":	false,
				"sender":	true
			}
		}, {
			"streams":	[{
					"socket":	5,
					"start":	8.00031,
					"end":	9.000119,
					"seconds":	0.99980902671813965,
					"bytes":	18350080,
					"bits_per_second":	146828680.35495862,
					"retransmits":	347,
					"snd_cwnd":	521280,
					"rtt":	11143,
					"rttvar":	92,
					"pmtu":	1500,
					"omitted":	false,
					"sender":	true
				}],
			"sum":	{
				"start":	8.00031,
				"end":	9.000119,
				"seconds":	0.99980902671813965,
				"bytes":	18350080,
				"bits_per_second":	146828680.35495862,
				"retransmits":	347,
				"omitted":	false,
				"sender":	true
			}
		}, {
			"streams":	[{
					"socket":	5,
					"start":	9.000119,
					"end":	10.000488,
					"seconds":	1.00036895275116,
					"bytes":	27525120,
					"bits_per_second":	220119746.21404976,
					"retransmits":	201,
					"snd_cwnd":	115840,
					"rtt":	5307,
					"rttvar":	437,
					"pmtu":	1500,
					"omitted":	false,
					"sender":	true
				}],
			"sum":	{
				"start":	9.000119,
				"end":	10.000488,
				"seconds":	1.00036895275116,
				"bytes":	27525120,
				"bits_per_second":	220119746.21404976,
				"retransmits":	201,
				"omitted":	false,
				"sender":	true
			}
		}],
	"end":	{
		"streams":	[{
				"sender":	{
					"socket":	5,
					"start":	0,
					"end":	10.000488,
					"seconds":	10.000488,
					"bytes":	407907128,
					"bits_per_second":	326309778.48281,
					"retransmits":	691,
					"max_snd_cwnd":	2441328,
					"max_rtt":	66219,
					"min_rtt":	5307,
					"mean_rtt":	34450,
					"sender":	true
				},
				"receiver":	{
					"socket":	5,
					"start":	0,
					"end":	10.041684,
					"seconds":	10.000488,
					"bytes":	404750336,
					"bits_per_second":	322456142.61512309,
					"sender":	true
				}
			}],
		"sum_sent":	{
			"start":	0,
			"end":	10.000488,
			"seconds":	10.000488,
			"bytes":	407907128,
			"bits_per_second":	326309778.48281,
			"retransmits":	691,
			"sender":	true
		},
		"sum_received":	{
			"start":	0,
			"end":	10.041684,
			"seconds":	10.041684,
			"bytes":	404750336,
			"bits_per_second":	322456142.61512309,
			"sender":	true
		},
		"cpu_utilization_percent":	{
			"host_total":	2.3991147159150215,
			"host_user":	0.2846306487388181,
			"host_system":	2.1144939794397848,
			"remote_total":	4.0577652347954523,
			"remote_user":	0.42227120056333156,
			"remote_system":	3.635569873169004
		},
		"sender_tcp_congestion":	"cubic",
		"receiver_tcp_congestion":	"cubic"
	}
}
