{
	"start":	{
		"connected":	[{
				"socket":	5,
				"local_host":	"192.168.2.100",
				"local_port":	55847,
				"remote_host":	"172.22.0.12",
				"remote_port":	5201
			}],
		"version":	"iperf 3.9",
		"system_info":	"Linux ctism-OptiPlex-7070 6.5.0-45-generic #45~22.04.1-Ubuntu SMP PREEMPT_DYNAMIC Mon Jul 15 16:40:02 UTC 2 x86_64",
		"timestamp":	{
			"time":	"Tue, 03 Jun 2025 19:31:33 GMT",
			"timesecs":	1748979093
		},
		"connecting_to":	{
			"host":	"172.22.0.12",
			"port":	5201
		},
		"cookie":	"vby4sti67lemw6c2qdlhwn7kedwk5nf7feph",
		"sock_bufsize":	0,
		"sndbuf_actual":	212992,
		"rcvbuf_actual":	212992,
		"test_start":	{
			"protocol":	"UDP",
			"num_streams":	1,
			"blksize":	1448,
			"omit":	0,
			"duration":	10,
			"bytes":	0,
			"blocks":	0,
			"reverse":	0,
			"tos":	0
		}
	},
	"intervals":	[{
			"streams":	[{
					"socket":	5,
					"start":	0,
					"end":	1.00013,
					"seconds":	1.0001300573349,
					"bytes":	131768,
					"bits_per_second":	1054006.9186691919,
					"packets":	91,
					"omitted":	false,
					"sender":	true
				}],
			"sum":	{
				"start":	0,
				"end":	1.00013,
				"seconds":	1.0001300573349,
				"bytes":	131768,
				"bits_per_second":	1054006.9186691919,
				"packets":	91,
				"omitted":	false,
				"sender":	true
			}
		}, {
			"streams":	[{
					"socket":	5,
					"start":	1.00013,
					"end":	2.00013,
					"seconds":	1,
					"bytes":	130320,
					"bits_per_second":	1042560,
					"packets":	90,
					"omitted":	false,
					"sender":	true
				}],
			"sum":	{
				"start":	1.00013,
				"end":	2.00013,
				"seconds":	1,
				"bytes":	130320,
				"bits_per_second":	1042560,
				"packets":	90,
				"omitted":	false,
				"sender":	true
			}
		}, {
			"streams":	[{
					"socket":	5,
					"start":	2.00013,
					"end":	3.000128,
					"seconds":	0.99999797344207764,
					"bytes":	131768,
					"bits_per_second":	1054146.1362882038,
					"packets":	91,
					"omitted":	false,
					"sender":	true
				}],
			"sum":	{
				"start":	2.00013,
				"end":	3.000128,
				"seconds":	0.99999797344207764,
				"bytes":	131768,
				"bits_per_second":	1054146.1362882038,
				"packets":	91,
				"omitted":	false,
				"sender":	true
			}
		}, {
			"streams":	[{
					"socket":	5,
					"start":	3.000128,
					"end":	4.000129,
					"seconds":	1.0000009536743164,
					"bytes":	130320,
					"bits_per_second":	1042559.0057382529,
					"packets":	90,
					"omitted":	false,
					"sender":	true
				}],
			"sum":	{
				"start":	3.000128,
				"end":	4.000129,
				"seconds":	1.0000009536743164,
				"bytes":	130320,
				"bits_per_second":	1042559.0057382529,
				"packets":	90,
				"omitted":	false,
				"sender":	true
			}
		}, {
			"streams":	[{
					"socket":	5,
					"start":	4.000129,
					"end":	5.000129,
					"seconds":	1,
					"bytes":	131768,
					"bits_per_second":	1054144,
					"packets":	91,
					"omitted":	false,
					"sender":	true
				}],
			"sum":	{
				"start":	4.000129,
				"end":	5.000129,
				"seconds":	1,
				"bytes":	131768,
				"bits_per_second":	1054144,
				"packets":	91,
				"omitted":	false,
				"sender":	true
			}
		}, {
			"streams":	[{
					"socket":	5,
					"start":	5.000129,
					"end":	6.000123,
					"seconds":	0.99999397993087769,
					"bytes":	131768,
					"bits_per_second":	1054150.3460579487,
					"packets":	91,
					"omitted":	false,
					"sender":	true
				}],
			"sum":	{
				"start":	5.000129,
				"end":	6.000123,
				"seconds":	0.99999397993087769,
				"bytes":	131768,
				"bits_per_second":	1054150.3460579487,
				"packets":	91,
				"omitted":	false,
				"sender":	true
			}
		}, {
			"streams":	[{
					"socket":	5,
					"start":	6.000123,
					"end":	7.000129,
					"seconds":	1.0000059604644775,
					"bytes":	130320,
					"bits_per_second":	1042553.7858951932,
					"packets":	90,
					"omitted":	false,
					"sender":	true
				}],
			"sum":	{
				"start":	6.000123,
				"end":	7.000129,
				"seconds":	1.0000059604644775,
				"bytes":	130320,
				"bits_per_second":	1042553.7858951932,
				"packets":	90,
				"omitted":	false,
				"sender":	true
			}
		}, {
			"streams":	[{
					"socket":	5,
					"start":	7.000129,
					"end":	8.000132,
					"seconds":	1.0000029802322388,
					"bytes":	131768,
					"bits_per_second":	1054140.8584154295,
					"packets":	91,
					"omitted":	false,
					"sender":	true
				}],
			"sum":	{
				"start":	7.000129,
				"end":	8.000132,
				"seconds":	1.0000029802322388,
				"bytes":	131768,
				"bits_per_second":	1054140.8584154295,
				"packets":	91,
				"omitted":	false,
				"sender":	true
			}
		}, {
			"streams":	[{
					"socket":	5,
					"start":	8.000132,
					"end":	9.000163,
					"seconds":	1.0000309944152832,
					"bytes":	130320,
					"bits_per_second":	1042527.6874639106,
					"packets":	90,
					"omitted":	false,
					"sender":	true
				}],
			"sum":	{
				"start":	8.000132,
				"end":	9.000163,
				"seconds":	1.0000309944152832,
				"bytes":	130320,
				"bits_per_second":	1042527.6874639106,
				"packets":	90,
				"omitted":	false,
				"sender":	true
			}
		}, {
			"streams":	[{
					"socket":	5,
					"start":	9.000163,
					"end":	10.00014,
					"seconds":	0.9999769926071167,
					"bytes":	131768,
					"bits_per_second":	1054168.2536631771,
					"packets":	91,
					"omitted":	false,
					"sender":	true
				}],
			"sum":	{
				"start":	9.000163,
				"end":	10.00014,
				"seconds":	0.9999769926071167,
				"bytes":	131768,
				"bits_per_second":	1054168.2536631771,
				"packets":	91,
				"omitted":	false,
				"sender":	true
			}
		}],
	"end":	{
		"streams":	[{
				"udp":	{
					"socket":	5,
					"start":	0,
					"end":	10.00014,
					"seconds":	10.00014,
					"bytes":	1311888,
					"bits_per_second":	1049495.7070601012,
					"jitter_ms":	0.15587294991008308,
					"lost_packets":	5,
					"packets":	906,
					"lost_percent":	0.55187637969094927,
					"out_of_order":	0,
					"sender":	true
				}
			}],
		"sum":	{
			"start":	0,
			"end":	10.049467,
			"seconds":	10.049467,
			"bytes":	1311888,
			"bits_per_second":	1049495.7070601012,
			"jitter_ms":	0.15587294991008308,
			"lost_packets":	5,
			"packets":	906,
			"lost_percent":	0.55187637969094927,
			"sender":	true
		},
		"cpu_utilization_percent":	{
			"host_total":	3.7544616715744432,
			"host_user":	0,
			"host_system":	3.7544715712756207,
			"remote_total":	0.35719333331699421,
			"remote_user":	0.0319582748189014,
			"remote_system":	0.32523505849809281
		}
	}
}
